{"cameraMode":{"drawMode":0,"name":"Shaded","section":"Shading Mode"},"sceneLighting":true,"audioPlay":false,"sceneViewState":{"showFog":true,"showMaterialUpdate":false,"showSkybox":true,"showFlares":true,"showImageEffects":true,"showParticleSystems":true},"in2DMode":false,"pivot":{"x":-1.3110880851745606,"y":0.2366580367088318,"z":15.268908500671387},"rotation":{"x":-0.03749089315533638,"y":-0.0044968947768211369,"z":-0.0001687764161033556,"w":0.9992880821228027},"size":13.863231658935547,"orthographic":false}